"","id","jmeno","prijmeni","url"
"1","4","Marek","Benda","http://www.psp.cz/eknih/cdrom/2010ps/eknih/2010ps/poslanci/i4.jpg"
"2","68","Václav","Klučka","http://www.psp.cz/eknih/cdrom/2010ps/eknih/2010ps/poslanci/i68.jpg"
"3","111","Petr","Nečas","http://www.psp.cz/eknih/cdrom/2010ps/eknih/2010ps/poslanci/i111.jpg"
"4","122","Hana","Orgoníková","http://www.psp.cz/eknih/cdrom/2010ps/eknih/2010ps/poslanci/i122.jpg"
"5","211","Milada","Emmerová","http://www.psp.cz/eknih/cdrom/2010ps/eknih/2010ps/poslanci/i211.jpg"
"6","216","Petr","Hulinský","http://www.psp.cz/eknih/cdrom/2010ps/eknih/2010ps/poslanci/i216.jpg"
"7","235","Ladislav","Skopal","http://www.psp.cz/eknih/cdrom/2010ps/eknih/2010ps/poslanci/i235.jpg"
"8","237","Bohuslav","Sobotka","http://www.psp.cz/eknih/cdrom/2010ps/eknih/2010ps/poslanci/i237.jpg"
"9","239","Zdeněk","Škromach","http://www.psp.cz/eknih/cdrom/2010ps/eknih/2010ps/poslanci/i239.jpg"
"10","252","Lubomír","Zaorálek","http://www.psp.cz/eknih/cdrom/2010ps/eknih/2010ps/poslanci/i252.jpg"
"11","261","Zdeňka","Horníková","http://www.psp.cz/eknih/cdrom/2010ps/eknih/2010ps/poslanci/i261.jpg"
"12","269","Jiří","Papež","http://www.psp.cz/eknih/cdrom/2010ps/eknih/2010ps/poslanci/i269.jpg"
"13","273","Jaroslav","Plachý","http://www.psp.cz/eknih/cdrom/2010ps/eknih/2010ps/poslanci/i273.jpg"
"14","280","Jan","Vidím","http://www.psp.cz/eknih/cdrom/2010ps/eknih/2010ps/poslanci/i280.jpg"
"15","303","Vojtěch","Filip","http://www.psp.cz/eknih/cdrom/2010ps/eknih/2010ps/poslanci/i303.jpg"
"16","305","Miroslav","Grebeníček","http://www.psp.cz/eknih/cdrom/2010ps/eknih/2010ps/poslanci/i305.jpg"
"17","309","Pavel","Kováčik","http://www.psp.cz/eknih/cdrom/2010ps/eknih/2010ps/poslanci/i309.jpg"
"18","312","Zuzka","Bebarová-Rujbrová","http://www.psp.cz/eknih/cdrom/2010ps/eknih/2010ps/poslanci/i312.jpg"
"19","340","Vlasta","Parkanová","http://www.psp.cz/eknih/cdrom/2010ps/eknih/2010ps/poslanci/i340.jpg"
"20","345","Walter","Bartoš","http://www.psp.cz/eknih/cdrom/2010ps/eknih/2010ps/poslanci/i345.jpg"
"21","346","Petr","Bendl","http://www.psp.cz/eknih/cdrom/2010ps/eknih/2010ps/poslanci/i346.jpg"
"22","354","Karel","Černý","http://www.psp.cz/eknih/cdrom/2010ps/eknih/2010ps/poslanci/i354.jpg"
"23","356","Michal","Doktor","http://www.psp.cz/eknih/cdrom/2010ps/eknih/2010ps/poslanci/i356.jpg"
"24","366","Pavel","Hojda","http://www.psp.cz/eknih/cdrom/2010ps/eknih/2010ps/poslanci/i366.jpg"
"25","377","Miroslav","Kalousek","http://www.psp.cz/eknih/cdrom/2010ps/eknih/2010ps/poslanci/i377.jpg"
"26","386","Stanislav","Křeček","http://www.psp.cz/eknih/cdrom/2010ps/eknih/2010ps/poslanci/i386.jpg"
"27","392","Jaroslav","Lobkowicz","http://www.psp.cz/eknih/cdrom/2010ps/eknih/2010ps/poslanci/i392.jpg"
"28","401","Miroslava","Němcová","http://www.psp.cz/css2/gi/predsedkyne-poslanecke-snemovny.png"
"29","410","Břetislav","Petr","http://www.psp.cz/eknih/cdrom/2010ps/eknih/2010ps/poslanci/i410.jpg"
"30","415","Pavel","Suchánek","http://www.psp.cz/eknih/cdrom/2010ps/eknih/2010ps/poslanci/i415.jpg"
"31","422","Milan","Urban","http://www.psp.cz/eknih/cdrom/2010ps/eknih/2010ps/poslanci/i422.jpg"
"32","1296","Petr","Gandalovič","http://www.psp.cz/eknih/cdrom/2010ps/eknih/2010ps/poslanci/i1296.jpg"
"33","4778","Stanislav","Grospič","http://www.psp.cz/eknih/cdrom/2010ps/eknih/2010ps/poslanci/i4778.jpg"
"34","5255","Miroslav","Svoboda","http://www.psp.cz/eknih/cdrom/2010ps/eknih/2010ps/poslanci/i5255.jpg"
"35","5261","Jiří","Dolejš","http://www.psp.cz/eknih/cdrom/2010ps/eknih/2010ps/poslanci/i5261.jpg"
"36","5268","Miloslava","Vostrá","http://www.psp.cz/eknih/cdrom/2010ps/eknih/2010ps/poslanci/i5268.jpg"
"37","5270","Petr","Braný","http://www.psp.cz/eknih/cdrom/2010ps/eknih/2010ps/poslanci/i5270.jpg"
"38","5272","Václav","Votava","http://www.psp.cz/eknih/cdrom/2010ps/eknih/2010ps/poslanci/i5272.jpg"
"39","5273","Jiří","Pospíšil","http://www.psp.cz/eknih/cdrom/2010ps/eknih/2010ps/poslanci/i5273.jpg"
"40","5274","Ivana","Levá","http://www.psp.cz/eknih/cdrom/2010ps/eknih/2010ps/poslanci/i5274.jpg"
"41","5279","Jaroslav","Krákora","http://www.psp.cz/eknih/cdrom/2010ps/eknih/2010ps/poslanci/i5279.jpg"
"42","5282","Josef","Šenfeld","http://www.psp.cz/eknih/cdrom/2010ps/eknih/2010ps/poslanci/i5282.jpg"
"43","5290","Soňa","Marková","http://www.psp.cz/eknih/cdrom/2010ps/eknih/2010ps/poslanci/i5290.jpg"
"44","5292","Miroslav","Váňa","http://www.psp.cz/eknih/cdrom/2010ps/eknih/2010ps/poslanci/i5292.jpg"
"45","5294","Petr","Zgarba","http://www.psp.cz/eknih/cdrom/2010ps/eknih/2010ps/poslanci/i5294.jpg"
"46","5296","Marie","Rusová","http://www.psp.cz/eknih/cdrom/2010ps/eknih/2010ps/poslanci/i5296.jpg"
"47","5297","Michal","Hašek","http://www.psp.cz/eknih/cdrom/2010ps/eknih/2010ps/poslanci/i5297.jpg"
"48","5300","Václav","Mencl","http://www.psp.cz/eknih/cdrom/2010ps/eknih/2010ps/poslanci/i5300.jpg"
"49","5301","David","Šeich","http://www.psp.cz/eknih/cdrom/2010ps/eknih/2010ps/poslanci/i5301.jpg"
"50","5307","Alexander","Černý","http://www.psp.cz/eknih/cdrom/2010ps/eknih/2010ps/poslanci/i5307.jpg"
"51","5310","Antonín","Seďa","http://www.psp.cz/eknih/cdrom/2010ps/eknih/2010ps/poslanci/i5310.jpg"
"52","5311","Josef","Smýkal","http://www.psp.cz/eknih/cdrom/2010ps/eknih/2010ps/poslanci/i5311.jpg"
"53","5313","Vladimír","Koníček","http://www.psp.cz/eknih/cdrom/2010ps/eknih/2010ps/poslanci/i5313.jpg"
"54","5317","Alfréd","Michalík","http://www.psp.cz/eknih/cdrom/2010ps/eknih/2010ps/poslanci/i5317.jpg"
"55","5321","Kateřina","Konečná","http://www.psp.cz/eknih/cdrom/2010ps/eknih/2010ps/poslanci/i5321.jpg"
"56","5322","Miroslav","Opálka","http://www.psp.cz/eknih/cdrom/2010ps/eknih/2010ps/poslanci/i5322.jpg"
"57","5342","Robin","Böhnisch","http://www.psp.cz/eknih/cdrom/2010ps/eknih/2010ps/poslanci/i5342.jpg"
"58","5375","Jozef","Kochan","http://www.psp.cz/eknih/cdrom/2010ps/eknih/2010ps/poslanci/i5375.jpg"
"59","5376","Petr","Tluchoř","http://www.psp.cz/eknih/cdrom/2010ps/eknih/2010ps/poslanci/i5376.jpg"
"60","5379","Jan","Bauer","http://www.psp.cz/eknih/cdrom/2010ps/eknih/2010ps/poslanci/i5379.jpg"
"61","5383","František","Bublan","http://www.psp.cz/eknih/cdrom/2010ps/eknih/2010ps/poslanci/i5383.jpg"
"62","5384","Jiří","Paroubek","http://www.psp.cz/eknih/cdrom/2010ps/eknih/2010ps/poslanci/i5384.jpg"
"63","5402","Vítězslav","Jandák","http://www.psp.cz/eknih/cdrom/2010ps/eknih/2010ps/poslanci/i5402.jpg"
"64","5406","David","Rath","http://www.psp.cz/eknih/cdrom/2010ps/eknih/2010ps/poslanci/i5406.jpg"
"65","5415","Cyril","Zapletal","http://www.psp.cz/eknih/cdrom/2010ps/eknih/2010ps/poslanci/i5415.jpg"
"66","5433","Jiří","Koskuba","http://www.psp.cz/eknih/cdrom/2010ps/eknih/2010ps/poslanci/i5433.jpg"
"67","5437","Marek","Šnajdr","http://www.psp.cz/eknih/cdrom/2010ps/eknih/2010ps/poslanci/i5437.jpg"
"68","5444","Jan","Babor","http://www.psp.cz/eknih/cdrom/2010ps/eknih/2010ps/poslanci/i5444.jpg"
"69","5445","Zdeněk","Boháč","http://www.psp.cz/eknih/cdrom/2010ps/eknih/2010ps/poslanci/i5445.jpg"
"70","5446","Pavel","Bohatec","http://www.psp.cz/eknih/cdrom/2010ps/eknih/2010ps/poslanci/i5446.jpg"
"71","5447","Vlasta","Bohdalová","http://www.psp.cz/eknih/cdrom/2010ps/eknih/2010ps/poslanci/i5447.jpg"
"72","5453","František","Dědič","http://www.psp.cz/eknih/cdrom/2010ps/eknih/2010ps/poslanci/i5453.jpg"
"73","5456","Richard","Dolejš","http://www.psp.cz/eknih/cdrom/2010ps/eknih/2010ps/poslanci/i5456.jpg"
"74","5459","Radim","Fiala","http://www.psp.cz/eknih/cdrom/2010ps/eknih/2010ps/poslanci/i5459.jpg"
"75","5460","Dana","Filipi","http://www.psp.cz/eknih/cdrom/2010ps/eknih/2010ps/poslanci/i5460.jpg"
"76","5461","Milada","Halíková","http://www.psp.cz/eknih/cdrom/2010ps/eknih/2010ps/poslanci/i5461.jpg"
"77","5462","Jan","Hamáček","http://www.psp.cz/eknih/cdrom/2010ps/eknih/2010ps/poslanci/i5462.jpg"
"78","5469","Gabriela","Kalábková","http://www.psp.cz/eknih/cdrom/2010ps/eknih/2010ps/poslanci/i5469.jpg"
"79","5472","Jiří","Krátký","http://www.psp.cz/eknih/cdrom/2010ps/eknih/2010ps/poslanci/i5472.jpg"
"80","5473","Jaroslav","Krupka","http://www.psp.cz/eknih/cdrom/2010ps/eknih/2010ps/poslanci/i5473.jpg"
"81","5475","Jan","Látka","http://www.psp.cz/eknih/cdrom/2010ps/eknih/2010ps/poslanci/i5475.jpg"
"82","5476","František","Laudát","http://www.psp.cz/eknih/cdrom/2010ps/eknih/2010ps/poslanci/i5476.jpg"
"83","5477","Vladimíra","Lesenská","http://www.psp.cz/eknih/cdrom/2010ps/eknih/2010ps/poslanci/i5477.jpg"
"84","5485","František","Novosad","http://www.psp.cz/eknih/cdrom/2010ps/eknih/2010ps/poslanci/i5485.jpg"
"85","5486","Ivan","Ohlídal","http://www.psp.cz/eknih/cdrom/2010ps/eknih/2010ps/poslanci/i5486.jpg"
"86","5487","Jiří","Petrů","http://www.psp.cz/eknih/cdrom/2010ps/eknih/2010ps/poslanci/i5487.jpg"
"87","5490","Pavel","Ploc","http://www.psp.cz/eknih/cdrom/2010ps/eknih/2010ps/poslanci/i5490.jpg"
"88","5495","Aleš","Rádl","http://www.psp.cz/eknih/cdrom/2010ps/eknih/2010ps/poslanci/i5495.jpg"
"89","5501","František","Sivera","http://www.psp.cz/eknih/cdrom/2010ps/eknih/2010ps/poslanci/i5501.jpg"
"90","5505","Pavel","Svoboda","http://www.psp.cz/eknih/cdrom/2010ps/eknih/2010ps/poslanci/i5505.jpg"
"91","5506","Karel","Šidlo","http://www.psp.cz/eknih/cdrom/2010ps/eknih/2010ps/poslanci/i5506.jpg"
"92","5507","Ladislav","Šincl","http://www.psp.cz/eknih/cdrom/2010ps/eknih/2010ps/poslanci/i5507.jpg"
"93","5508","Václav","Šlajs","http://www.psp.cz/eknih/cdrom/2010ps/eknih/2010ps/poslanci/i5508.jpg"
"94","5512","Boris","Šťastný","http://www.psp.cz/eknih/cdrom/2010ps/eknih/2010ps/poslanci/i5512.jpg"
"95","5513","Jeroným","Tejc","http://www.psp.cz/eknih/cdrom/2010ps/eknih/2010ps/poslanci/i5513.jpg"
"96","5516","Tomáš","Úlehla","http://www.psp.cz/eknih/cdrom/2010ps/eknih/2010ps/poslanci/i5516.jpg"
"97","5520","Vladislav","Vilímec","http://www.psp.cz/eknih/cdrom/2010ps/eknih/2010ps/poslanci/i5520.jpg"
"98","5552","Martin","Pecina","http://www.psp.cz/eknih/cdrom/2010ps/eknih/2010ps/poslanci/i5552.jpg"
"99","5558","Karel","Schwarzenberg","http://www.psp.cz/eknih/cdrom/2010ps/eknih/2010ps/poslanci/i5558.jpg"
"100","5766","Miroslav","Jeník","http://www.psp.cz/eknih/cdrom/2010ps/eknih/2010ps/poslanci/i5766.jpg"
"101","5768","Vojtěch","Adam","http://www.psp.cz/eknih/cdrom/2010ps/eknih/2010ps/poslanci/i5768.jpg"
"102","5819","Jan","Husák","http://www.psp.cz/eknih/cdrom/2010ps/eknih/2010ps/poslanci/i5819.jpg"
"103","5859","Jiří","Šulc","http://www.psp.cz/eknih/cdrom/2010ps/eknih/2010ps/poslanci/i5859.jpg"
"104","5866","Ladislav","Velebný","http://www.psp.cz/eknih/cdrom/2010ps/eknih/2010ps/poslanci/i5866.jpg"
"105","5890","Lenka","Andrýsová","http://www.psp.cz/eknih/cdrom/2010ps/eknih/2010ps/poslanci/i5890.jpg"
"106","5891","Pavel","Antonín","http://www.psp.cz/eknih/cdrom/2010ps/eknih/2010ps/poslanci/i5891.jpg"
"107","5892","Michal","Babák","http://www.psp.cz/eknih/cdrom/2010ps/eknih/2010ps/poslanci/i5892.jpg"
"108","5893","Vít","Bárta","http://www.psp.cz/eknih/cdrom/2010ps/eknih/2010ps/poslanci/i5893.jpg"
"109","5894","Václav","Baštýř","http://www.psp.cz/eknih/cdrom/2010ps/eknih/2010ps/poslanci/i5894.jpg"
"110","5895","Pavel","Bém","http://www.psp.cz/eknih/cdrom/2010ps/eknih/2010ps/poslanci/i5895.jpg"
"111","5896","Jiří","Besser","http://www.psp.cz/eknih/cdrom/2010ps/eknih/2010ps/poslanci/i5896.jpg"
"112","5897","Zdeněk","Bezecný","http://www.psp.cz/eknih/cdrom/2010ps/eknih/2010ps/poslanci/i5897.jpg"
"113","5898","Ludmila","Bubeníková","http://www.psp.cz/eknih/cdrom/2010ps/eknih/2010ps/poslanci/i5898.jpg"
"114","5899","Jan","Bureš","http://www.psp.cz/eknih/cdrom/2010ps/eknih/2010ps/poslanci/i5899.jpg"
"115","5900","Václav","Cempírek","http://www.psp.cz/eknih/cdrom/2010ps/eknih/2010ps/poslanci/i5900.jpg"
"116","5901","Josef","Cogan","http://www.psp.cz/eknih/cdrom/2010ps/eknih/2010ps/poslanci/i5901.jpg"
"117","5902","Jan","Čechlovský","http://www.psp.cz/eknih/cdrom/2010ps/eknih/2010ps/poslanci/i5902.jpg"
"118","5903","Jana","Černochová","http://www.psp.cz/eknih/cdrom/2010ps/eknih/2010ps/poslanci/i5903.jpg"
"119","5904","Josef","Dobeš","http://www.psp.cz/eknih/cdrom/2010ps/eknih/2010ps/poslanci/i5904.jpg"
"120","5905","Jaromír","Drábek","http://www.psp.cz/eknih/cdrom/2010ps/eknih/2010ps/poslanci/i5905.jpg"
"121","5906","Jana","Drastichová","http://www.psp.cz/eknih/cdrom/2010ps/eknih/2010ps/poslanci/i5906.jpg"
"122","5907","Pavel","Drobil","http://www.psp.cz/eknih/cdrom/2010ps/eknih/2010ps/poslanci/i5907.jpg"
"123","5908","Jaroslav","Eček","http://www.psp.cz/eknih/cdrom/2010ps/eknih/2010ps/poslanci/i5908.jpg"
"124","5909","Jan","Farský","http://www.psp.cz/eknih/cdrom/2010ps/eknih/2010ps/poslanci/i5909.jpg"
"125","5910","Jan","Florián","http://www.psp.cz/eknih/cdrom/2010ps/eknih/2010ps/poslanci/i5910.jpg"
"126","5911","Jaroslav","Foldyna","http://www.psp.cz/eknih/cdrom/2010ps/eknih/2010ps/poslanci/i5911.jpg"
"127","5912","Štěpánka","Fraňková","http://www.psp.cz/eknih/cdrom/2010ps/eknih/2010ps/poslanci/i5912.jpg"
"128","5913","Ivan","Fuksa","http://www.psp.cz/eknih/cdrom/2010ps/eknih/2010ps/poslanci/i5913.jpg"
"129","5914","Petr","Gazdík","http://www.psp.cz/eknih/cdrom/2010ps/eknih/2010ps/poslanci/i5914.jpg"
"130","5915","Martin","Gregora","http://www.psp.cz/eknih/cdrom/2010ps/eknih/2010ps/poslanci/i5915.jpg"
"131","5916","Alena","Hanáková","http://www.psp.cz/eknih/cdrom/2010ps/eknih/2010ps/poslanci/i5916.jpg"
"132","5917","Leoš","Heger","http://www.psp.cz/eknih/cdrom/2010ps/eknih/2010ps/poslanci/i5917.jpg"
"133","5918","Pavel","Holík","http://www.psp.cz/eknih/cdrom/2010ps/eknih/2010ps/poslanci/i5918.jpg"
"134","5919","Václav","Horáček","http://www.psp.cz/eknih/cdrom/2010ps/eknih/2010ps/poslanci/i5919.jpg"
"135","5920","Gabriela","Hubáčková","http://www.psp.cz/eknih/cdrom/2010ps/eknih/2010ps/poslanci/i5920.jpg"
"136","5921","Stanislav","Huml","http://www.psp.cz/eknih/cdrom/2010ps/eknih/2010ps/poslanci/i5921.jpg"
"137","5922","Jitka","Chalánková","http://www.psp.cz/eknih/cdrom/2010ps/eknih/2010ps/poslanci/i5922.jpg"
"138","5923","Otto","Chaloupka","http://www.psp.cz/eknih/cdrom/2010ps/eknih/2010ps/poslanci/i5923.jpg"
"139","5924","Tomáš","Chalupa","http://www.psp.cz/eknih/cdrom/2010ps/eknih/2010ps/poslanci/i5924.jpg"
"140","5925","Rudolf","Chlad","http://www.psp.cz/eknih/cdrom/2010ps/eknih/2010ps/poslanci/i5925.jpg"
"141","5926","Jan","Chvojka","http://www.psp.cz/eknih/cdrom/2010ps/eknih/2010ps/poslanci/i5926.jpg"
"142","5927","Petr","Jalowiczor","http://www.psp.cz/eknih/cdrom/2010ps/eknih/2010ps/poslanci/i5927.jpg"
"143","5928","Michal","Janek","http://www.psp.cz/eknih/cdrom/2010ps/eknih/2010ps/poslanci/i5928.jpg"
"144","5929","Luděk","Jeništa","http://www.psp.cz/eknih/cdrom/2010ps/eknih/2010ps/poslanci/i5929.jpg"
"145","5930","Ladislav","Jirků","http://www.psp.cz/eknih/cdrom/2010ps/eknih/2010ps/poslanci/i5930.jpg"
"146","5931","Radim","Jirout","http://www.psp.cz/eknih/cdrom/2010ps/eknih/2010ps/poslanci/i5931.jpg"
"147","5932","Radek","John","http://www.psp.cz/eknih/cdrom/2010ps/eknih/2010ps/poslanci/i5932.jpg"
"148","5933","David","Kádner","http://www.psp.cz/eknih/cdrom/2010ps/eknih/2010ps/poslanci/i5933.jpg"
"149","5934","Jan","Klán","http://www.psp.cz/eknih/cdrom/2010ps/eknih/2010ps/poslanci/i5934.jpg"
"150","5935","Kateřina","Klasnová","http://www.psp.cz/eknih/cdrom/2010ps/eknih/2010ps/poslanci/i5935.jpg"
"151","5936","Kristýna","Kočí","http://www.psp.cz/eknih/cdrom/2010ps/eknih/2010ps/poslanci/i5936.jpg"
"152","5937","Lenka","Kohoutová","http://www.psp.cz/eknih/cdrom/2010ps/eknih/2010ps/poslanci/i5937.jpg"
"153","5938","Květa","Matušovská","http://www.psp.cz/eknih/cdrom/2010ps/eknih/2010ps/poslanci/i5938.jpg"
"154","5939","Daniel","Korte","http://www.psp.cz/eknih/cdrom/2010ps/eknih/2010ps/poslanci/i5939.jpg"
"155","5940","Rom","Kostřica","http://www.psp.cz/eknih/cdrom/2010ps/eknih/2010ps/poslanci/i5940.jpg"
"156","5941","Patricie","Kotalíková","http://www.psp.cz/eknih/cdrom/2010ps/eknih/2010ps/poslanci/i5941.jpg"
"157","5942","Václav","Kubata","http://www.psp.cz/eknih/cdrom/2010ps/eknih/2010ps/poslanci/i5942.jpg"
"158","5943","Helena","Langšádlová","http://www.psp.cz/eknih/cdrom/2010ps/eknih/2010ps/poslanci/i5943.jpg"
"159","5944","Pavol","Lukša","http://www.psp.cz/eknih/cdrom/2010ps/eknih/2010ps/poslanci/i5944.jpg"
"160","5945","Jaroslav","Martinů","http://www.psp.cz/eknih/cdrom/2010ps/eknih/2010ps/poslanci/i5945.jpg"
"161","5946","Dagmar","Navrátilová","http://www.psp.cz/eknih/cdrom/2010ps/eknih/2010ps/poslanci/i5946.jpg"
"162","5947","Marie","Nedvědová","http://www.psp.cz/eknih/cdrom/2010ps/eknih/2010ps/poslanci/i5947.jpg"
"163","5948","Josef","Nekl","http://www.psp.cz/eknih/cdrom/2010ps/eknih/2010ps/poslanci/i5948.jpg"
"164","5949","Vít","Němeček","http://www.psp.cz/eknih/cdrom/2010ps/eknih/2010ps/poslanci/i5949.jpg"
"165","5950","Václav","Neubauer","http://www.psp.cz/eknih/cdrom/2010ps/eknih/2010ps/poslanci/i5950.jpg"
"166","5951","Jiří","Oliva","http://www.psp.cz/eknih/cdrom/2010ps/eknih/2010ps/poslanci/i5951.jpg"
"167","5952","Viktor","Paggio","http://www.psp.cz/eknih/cdrom/2010ps/eknih/2010ps/poslanci/i5952.jpg"
"168","5953","Jan","Pajer","http://www.psp.cz/eknih/cdrom/2010ps/eknih/2010ps/poslanci/i5953.jpg"
"169","5954","Karolína","Peake","http://www.psp.cz/eknih/cdrom/2010ps/eknih/2010ps/poslanci/i5954.jpg"
"170","5955","Gabriela","Pecková","http://www.psp.cz/eknih/cdrom/2010ps/eknih/2010ps/poslanci/i5955.jpg"
"171","5956","Stanislav","Polčák","http://www.psp.cz/eknih/cdrom/2010ps/eknih/2010ps/poslanci/i5956.jpg"
"172","5957","Anna","Putnová","http://www.psp.cz/eknih/cdrom/2010ps/eknih/2010ps/poslanci/i5957.jpg"
"173","5958","Jana","Kaslová","http://www.psp.cz/eknih/cdrom/2010ps/eknih/2010ps/poslanci/i5958.jpg"
"174","5959","Aleš","Roztočil","http://www.psp.cz/eknih/cdrom/2010ps/eknih/2010ps/poslanci/i5959.jpg"
"175","5960","Adam","Rykala","http://www.psp.cz/eknih/cdrom/2010ps/eknih/2010ps/poslanci/i5960.jpg"
"176","5961","Ivana","Řápková","http://www.psp.cz/eknih/cdrom/2010ps/eknih/2010ps/poslanci/i5961.jpg"
"177","5962","Marta","Semelová","http://www.psp.cz/eknih/cdrom/2010ps/eknih/2010ps/poslanci/i5962.jpg"
"178","5963","Jaroslava","Schejbalová","http://www.psp.cz/eknih/cdrom/2010ps/eknih/2010ps/poslanci/i5963.jpg"
"179","5964","Jiří","Skalický","http://www.psp.cz/eknih/cdrom/2010ps/eknih/2010ps/poslanci/i5964.jpg"
"180","5965","Roman","Sklenák","http://www.psp.cz/eknih/cdrom/2010ps/eknih/2010ps/poslanci/i5965.jpg"
"181","5966","Petr","Skokan","http://www.psp.cz/eknih/cdrom/2010ps/eknih/2010ps/poslanci/i5966.jpg"
"182","5967","Jan","Smutný","http://www.psp.cz/eknih/cdrom/2010ps/eknih/2010ps/poslanci/i5967.jpg"
"183","5968","Pavel","Staněk","http://www.psp.cz/eknih/cdrom/2010ps/eknih/2010ps/poslanci/i5968.jpg"
"184","5969","Zbyněk","Stanjura","http://www.psp.cz/eknih/cdrom/2010ps/eknih/2010ps/poslanci/i5969.jpg"
"185","5970","Jana","Suchá","http://www.psp.cz/eknih/cdrom/2010ps/eknih/2010ps/poslanci/i5970.jpg"
"186","5971","Igor","Svoják","http://www.psp.cz/eknih/cdrom/2010ps/eknih/2010ps/poslanci/i5971.jpg"
"187","5972","Bořivoj","Šarapatka","http://www.psp.cz/eknih/cdrom/2010ps/eknih/2010ps/poslanci/i5972.jpg"
"188","5973","Jaroslav","Škárka","http://www.psp.cz/eknih/cdrom/2010ps/eknih/2010ps/poslanci/i5973.jpg"
"189","5974","Jiří","Šlégr","http://www.psp.cz/eknih/cdrom/2010ps/eknih/2010ps/poslanci/i5974.jpg"
"190","5975","Jiří","Štětina","http://www.psp.cz/eknih/cdrom/2010ps/eknih/2010ps/poslanci/i5975.jpg"
"191","5976","Milan","Šťovíček","http://www.psp.cz/eknih/cdrom/2010ps/eknih/2010ps/poslanci/i5976.jpg"
"192","5977","Josef","Tancoš","http://www.psp.cz/eknih/cdrom/2010ps/eknih/2010ps/poslanci/i5977.jpg"
"193","5978","Martin","Vacek","http://www.psp.cz/eknih/cdrom/2010ps/eknih/2010ps/poslanci/i5978.jpg"
"194","5979","Dana","Váhalová","http://www.psp.cz/eknih/cdrom/2010ps/eknih/2010ps/poslanci/i5979.jpg"
"195","5980","Roman","Váňa","http://www.psp.cz/eknih/cdrom/2010ps/eknih/2010ps/poslanci/i5980.jpg"
"196","5981","Jaroslav","Vandas","http://www.psp.cz/eknih/cdrom/2010ps/eknih/2010ps/poslanci/i5981.jpg"
"197","5982","David","Vodrážka","http://www.psp.cz/eknih/cdrom/2010ps/eknih/2010ps/poslanci/i5982.jpg"
"198","5983","Radim","Vysloužil","http://www.psp.cz/eknih/cdrom/2010ps/eknih/2010ps/poslanci/i5983.jpg"
"199","5984","Ivana","Weberová","http://www.psp.cz/eknih/cdrom/2010ps/eknih/2010ps/poslanci/i5984.jpg"
"200","5985","Jaroslava","Wenigerová","http://www.psp.cz/eknih/cdrom/2010ps/eknih/2010ps/poslanci/i5985.jpg"
"201","5986","Renáta","Witoszová","http://www.psp.cz/eknih/cdrom/2010ps/eknih/2010ps/poslanci/i5986.jpg"
"202","5987","Jiří","Zemánek","http://www.psp.cz/eknih/cdrom/2010ps/eknih/2010ps/poslanci/i5987.jpg"
"203","5989","Václav","Zemek","http://www.psp.cz/eknih/cdrom/2010ps/eknih/2010ps/poslanci/i5989.jpg"
"204","5990","Jana","Fischerová","http://www.psp.cz/eknih/cdrom/2010ps/eknih/2010ps/poslanci/i5990.jpg"
"205","5991","Josef","Novotný ml.","http://www.psp.cz/eknih/cdrom/2010ps/eknih/2010ps/poslanci/i5991.jpg"
"206","5992","Josef","Novotný st.","http://www.psp.cz/eknih/cdrom/2010ps/eknih/2010ps/poslanci/i5992.jpg"
"207","5993","Jiří","Rusnok","http://www.psp.cz/eknih/cdrom/2010ps/eknih/2010ps/poslanci/i5993.jpg"
"208","5999","Miroslava","Strnadlová","http://www.psp.cz/eknih/cdrom/2010ps/eknih/2010ps/poslanci/i5999.jpg"
"209","6003","Miroslav","Petráň","http://www.psp.cz/eknih/cdrom/2010ps/eknih/2010ps/poslanci/i6003.jpg"
"210","6008","Jan","Kubata","http://www.psp.cz/eknih/cdrom/2010ps/eknih/2010ps/poslanci/i6008.jpg"
"211","6095","Petr","Holeček","http://www.psp.cz/eknih/cdrom/2010ps/eknih/2010ps/poslanci/i6095.jpg"
"212","6096","Václav","Koubík","http://www.psp.cz/eknih/cdrom/2010ps/eknih/2010ps/poslanci/i6096.jpg"
"213","6097","Roman","Pekárek","http://www.psp.cz/eknih/cdrom/2010ps/eknih/2010ps/poslanci/i6097.jpg"
"214","6098","Miroslav","Bernášek","http://www.psp.cz/eknih/cdrom/2010ps/eknih/2010ps/poslanci/i6098.jpg"
"215","6113","Igor","Jakubčík","http://www.psp.cz/eknih/cdrom/2010ps/eknih/2010ps/poslanci/i6113.jpg"
"216","6124","Petr","Benda","http://www.psp.cz/eknih/cdrom/2010ps/eknih/2010ps/poslanci/i6124.jpg"
